tconst,top_popular_rank
tt6791350,1
tt13345606,2
tt2906216,3
tt4873118,4
tt15398776,5
tt7405458,6
tt6718170,7
tt16419074,8
tt6968614,9
tt5971474,10
tt9224104,11
tt15239678,12
tt13375076,13
tt11358390,14
tt2015381,15
tt5635026,16
tt15326988,17
tt10366206,18
tt17663992,19
tt24268454,20
tt3896198,21
tt13521006,22
tt5433140,23
tt27197387,24
tt14846026,25
tt13130024,26
tt0439572,27
tt9013340,28
tt14230458,29
tt10954600,30
tt21867434,31
tt2049403,32
tt9362722,33
tt1160419,34
tt10276482,35
tt1630029,36
tt0113277,37
tt5090568,38
tt9185206,39
tt13560574,40
tt4779682,41
tt6528290,42
tt0111161,43
tt2316548,44
tt14537248,45
tt14209916,46
tt7985704,47
tt10545296,48
tt6710474,49
tt8080204,50
tt8105234,51
tt1517268,52
tt14472156,53
tt1288558,54
tt20768712,55
tt1745960,56
tt9764362,57
tt15679400,58
tt1981677,59
tt8672856,60
tt5264838,61
tt0068646,62
tt6857166,63
tt5537002,64
tt10151854,65
tt12593682,66
tt13833688,67
tt13269536,68
tt10640346,69
tt11245972,70
tt13923456,71
tt6334354,72
tt15325794,73
tt4589218,74
tt20859464,75
tt15767808,76
tt0094721,77
tt8019518,78
tt12758060,79
tt8772262,80
tt0816692,81
tt14557188,82
tt12261776,83
tt7322224,84
tt3774694,85
tt3291150,86
tt1462764,87
tt0083907,88
tt14230388,89
tt3915174,90
tt1877830,91
tt4154796,92
tt8760708,93
tt2911666,94
tt10954984,95
tt10648342,96
tt10872600,97
tt14109724,98
tt5688068,99
tt0069704,100
